Qubit,T1 (us),T2 (us),Frequency (GHz),Anharmonicity (GHz),Readout assignment error ,Prob meas0 prep1 ,Prob meas1 prep0 ,Readout length (ns),ID error ,√x (sx) error ,Pauli-X error ,CNOT error ,Gate time (ns)
0,142.71866117868956,36.03577681928723,5.260494997362281,-0.3398345949354833,0.023599999999999954,0.035599999999999965,0.0116,5560.888888888889,0.0002086094627925296,0.0002086094627925296,0.0002086094627925296,0_1:0.0057148654517342745,0_1:248.88888888888889
1,78.13307010684088,93.66387385994098,5.170366576865038,-0.3405834792685346,0.030000000000000027,0.0372,0.022800000000000042,5560.888888888889,0.0002494187070651376,0.0002494187070651376,0.0002494187070651376,1_0:0.0057148654517342745; 1_3:0.008349389686775927; 1_2:0.017842516125277597,1_0:284.44444444444446; 1_3:270.22222222222223; 1_2:426.66666666666663
2,62.30945375967627,86.59092566255671,5.274328582704874,-0.3389036888077824,0.029100000000000015,0.0464,0.0118,5560.888888888889,0.0003295107225436953,0.0003295107225436953,0.0003295107225436953,2_1:0.017842516125277597,2_1:391.1111111111111
3,181.61442414682068,63.23765551865137,5.026602752859248,-0.34253037607049963,0.019299999999999984,0.0304,0.008199999999999985,5560.888888888889,0.0003565817365785326,0.0003565817365785326,0.0003565817365785326,3_5:0.014892779936268447; 3_1:0.008349389686775927,3_5:277.3333333333333; 3_1:305.77777777777777
4,130.31579674879248,70.59219753684529,5.17718549282166,-0.34059039974918304,0.020299999999999985,0.02980000000000005,0.0108,5560.888888888889,0.00024021826017130277,0.00024021826017130277,0.00024021826017130277,4_5:0.005538713529179368,4_5:312.88888888888886
5,162.11862586306384,19.997301889353427,5.292725226269547,-0.34053232043511467,0.0262,0.0298,0.022599999999999953,5560.888888888889,0.0003332136872741146,0.0003332136872741146,0.0003332136872741146,5_6:0.006759998798276212; 5_4:0.005538713529179368; 5_3:0.014892779936268447,5_6:341.3333333333333; 5_4:277.3333333333333; 5_3:241.77777777777777
6,146.57082471241347,54.879288418054394,5.128680809456053,-0.3404356760163406,0.030899999999999928,0.04359999999999997,0.0182,5560.888888888889,0.0005604041231290325,0.0005604041231290325,0.0005604041231290325,6_5:0.006759998798276212,6_5:305.77777777777777
