Qubit,T1 (us),T2 (us),Frequency (GHz),Anharmonicity (GHz),Readout assignment error ,Prob meas0 prep1 ,Prob meas1 prep0 ,Readout length (ns),ID error ,√x (sx) error ,Pauli-X error ,CNOT error ,Gate time (ns)
0,89.20552414176284,51.146389504494785,5.157529581889529,-0.3415245174784648,0.021399999999999975,0.024399999999999977,0.0184,675.5555555555555,0.0008285424693923739,0.0008285424693923739,0.0008285424693923739,0_1:0.025158094475379478,0_1:391.1111111111111
1,94.46965651055162,70.39131278925346,5.033686370111794,-0.3443687022163673,0.38749999999999996,0.06620000000000004,0.7088,675.5555555555555,0.00016273436637326876,0.00016273436637326876,0.00016273436637326876,1_3:0.006759406142216984; 1_2:0.005591148859791034; 1_0:0.025158094475379478,1_3:405.3333333333333; 1_2:355.55555555555554; 1_0:426.66666666666663
2,217.33273171013482,163.00348396362924,4.8626740874993395,-0.3472724723347956,0.24839999999999995,0.2874,0.2094,675.5555555555555,0.0001670906683445687,0.0001670906683445687,0.0001670906683445687,2_1:0.005591148859791034,2_1:320
3,149.4300427220337,324.151033655362,5.12511122954144,-0.3404418992142746,0.09319999999999995,0.0984,0.08799999999999997,675.5555555555555,0.0002874518265084125,0.0002874518265084125,0.0002874518265084125,3_5:0.011522321893191606; 3_1:0.006759406142216984,3_5:284.44444444444446; 3_1:369.77777777777777
4,118.38621925068699,131.42979315999784,5.159210853206989,-0.33336653711831216,0.01869999999999994,0.019,0.018399999999999972,675.5555555555555,0.0006360043217605428,0.0006360043217605428,0.0006360043217605428,4_5:0.016614923949597793,4_5:590.2222222222222
5,102.85277789818066,90.59421638641912,4.978598035787277,-0.3460220316533784,0.4001,0.09240000000000004,0.7078,675.5555555555555,0.0011843509802291613,0.0011843509802291613,0.0011843509802291613,5_6:0.01782712545303694; 5_4:0.016614923949597793; 5_3:0.011522321893191606,5_6:640; 5_4:625.7777777777777; 5_3:320
6,130.2527163821089,245.50290704153485,5.1566365221238915,-0.34045439072670325,0.03699999999999992,0.028200000000000003,0.0458,675.5555555555555,0.0003261251950378135,0.0003261251950378135,0.0003261251950378135,6_5:0.01782712545303694,6_5:604.4444444444445
